ala__L_c,0.3300989569,0.2584539176,0.2357654174,0.1745917793,0.1571914073,0.0864815705,0.0492608726
arg__L_c,0.1941430746,0.1520083747,0.13866527,0.1026875874,0.0924454649,0.0508626646,0.0289717482
asn__L_c,0.1275358812,0.0885079324,0.0813709661,0.0612173035,0.0569240236,0.0353906517,0.0222225276
asp__L_c,0.2897022669,0.2268227919,0.2069171466,0.1532310263,0.1379512901,0.0758980353,0.0432335125
cys__L_c,0.0175471465,0.0137385627,0.0125331097,0.0092813082,0.0083558091,0.0045970154,0.0026185669
gln__L_c,0.1481854841,0.102838438,0.0945459104,0.071129126,0.0661407121,0.0411208266,0.0258206239
glu__L_c,0.3249403977,0.2544185867,0.2320839536,0.1718649677,0.1547269803,0.0851300785,0.0484911949
gly_c,0.3304178472,0.2587070017,0.2359939602,0.1747697188,0.1476376715,0.0865678394,0.0493092625
his__L_c,0.0319721012,0.0250331709,0.0228353972,0.0169105871,0.0152243059,0.0083761903,0.0047712941
ile__L_c,0.1377633264,0.1078670432,0.0983974642,0.0728658115,0.0655965778,0.036092154,0.0205584059
leu__L_c,0.2404105107,0.1882314282,0.1717144977,0.1271567506,0.1144802375,0.0629830708,0.0358773747
lys__L_c,0.1227673225,0.0911514857,0.0804198073,0.0554111983,0.042058654,0.0055489424,0
met__L_c,0.0451189044,0.0353262051,0.0322259238,0.023864374,0.0214846852,0.0118205233,0.0067331679
phe__L_c,0.1222644959,0.0957311713,0.0873252525,0.0646694731,0.0582182644,0.0320315916,0.018245529
pro__L_c,0.1354163628,0.1060263492,0.096719484,0.0716249237,0.0644826934,0.0354766395,0.02020839
ser__L_c,0.1719534539,0.1346375058,0.1228177649,0.090949662,0.0818763485,0.0450495114,0.0256605948
thr__L_c,0.1695526915,0.1327570824,0.1211000094,0.0896816622,0.0807353218,0.0444204389,0.0253023458
trp__L_c,0.0292699928,0.0203129231,0.0186749609,0.014049615,0.0130642902,0.0081222955,0.0051001586
tyr__L_c,0.0625788926,0.0489974509,0.044696516,0.0330991833,0.0297986203,0.0163948581,0.0093387601
val__L_c,0.1935796109,0.1515671991,0.1382628202,0.102389556,0.0921795866,0.0507135362,0.0288876632
xyl__D_c,0.039874664,0.0578596348,0.0566693121,0.0478657834,0.0542392314,0.0548913048,0.0439628559
fuc__L_c,0.0547060939,0.0793785746,0.0777475318,0.0656681215,0.0744122793,0.0753081926,0.0603159091
gal_c,0.024921665,0.0361613507,0.0354200136,0.0299167517,0.0338989272,0.0343078021,0.0274767849
gal__L_c,0.024921665,0.0361613507,0.0354200136,0.0299167517,0.0338989272,0.0343078021,0.0274767849
glc__D_c,0.1827588767,0.2651844662,0.2597377342,0.2193835665,0.2485905534,0.251592513,0.2014945727
man_c,1.01E+000,1.4705493122,1.4403416277,1.2165720979,1.3785389978,1.3951613634,1.1173689027
udprmn_c,6.55E-002,0.0950225273,0.0930711506,0.0786116881,0.0890790297,0.0901499532,0.0722035937
mgdg140160_h,0.0016788015,0.0015581913,0.0017940337,0.0031253528,0.0020153031,0.0030597627,0.0038425775
mgdg1401619Z_h,0.0023087344,0.0021957658,0.0025644469,0.0039597309,0.0036473789,0.0045568192,0.0057226434
mgdg140162n4_h,0.0005101768,0.0005053179,0.0006036367,0.0007464285,0.001138848,0.0011395632,0.0014311109
mgdg140160_c,0.0016788015,0.0015581913,0.0017940337,0.0031253528,0.0020153031,0.0030597627,0.0038425775
mgdg160_c,0.0015333589,0.0014206492,0.0016339272,0.0028707101,0.0017989314,0.0027780278,0.0034887631
mgdg161_h,0.0021632917,0.0020582238,0.0024043405,0.0037050882,0.0034310072,0.0042750843,0.005368829
mgdg1619Z160_h,0.0036965551,0.0034789393,0.0040382677,0.0065757983,0.0052299385,0.0070531122,0.0088575922
mgdg1619Z162n4_h,0.0025279495,0.0024260195,0.0028478951,0.004196874,0.0043534834,0.0051329126,0.0064461255
mgdg1619Z1819Z_h,0.0021704588,0.0020647892,0.0024117178,0.0037196017,0.003436791,0.0042870706,0.005383882
mgdg1801619Z_h,0.0021842194,0.0020765273,0.0024245214,0.0037521254,0.0034356112,0.0043051396,0.0054065737
mgdg180162n4_h,0.0003857192,0.000386033,0.0004637173,0.0005388229,0.0009270803,0.0008878836,0.0011150412
mgdg1819Z160_h,0.0015405259,0.0014272146,0.0016413046,0.0028852235,0.0018047152,0.0027900142,0.0035038161
mgdg1819Z1619Z_h,0.0021704588,0.0020647892,0.0024117178,0.0037196017,0.003436791,0.0042870706,0.005383882
mgdg1819Z1619Z_c,0.0005273298,0.0005015445,0.0005857543,0.0009043787,0.0008332412,0.0010408755,0.0013071749
mgdg1819Z162n4_h,0.0003719298,0.0003743081,0.0004509503,0.0005062992,0.0009282601,0.0008698146,0.0010923495
mgdg205n3160_h,0.0031276852,0.0030361387,0.0035870919,0.0049711353,0.005959074,0.0065787483,0.0082618663
mgdg205n31619Z_h,0.0037576181,0.0036737132,0.0043575051,0.0058055135,0.0075911499,0.0080758048,0.0101419322
mgdg205n3_c,0.0031886527,0.0032309126,0.0039063292,0.0042008505,0.0083202854,0.0076014409,9.55E-003
mgdg205n31619Z_c,0.0037576181,0.0036737132,0.0043575051,0.0058055135,0.0075911499,0.0080758048,1.01E-002
mgdg205n3162n4_h,0.0019590796,0.0019832852,0.0023967193,0.002592211,0.005082619,0.0046585488,0.0058503997
dgdg140160_c,0.0041988195,0.0038940193,0.0044810297,0.007837552,0.0049869001,0.0076314499,0.0095838928
dgdg160_c,0.0040055012,0.0037111825,0.0042683064,0.0074990925,0.0046993086,0.0072569807,9.11E-003
dgdg161_h,0.0036471505,0.0034700528,0.0040535711,0.0062465267,0.0057844446,0.0072075013,0.0090514804
dgdg1619Z160_h,0.0076525561,0.0071815006,0.0083217556,0.0137456191,0.0104837532,0.0144644819,0.0181650992
dgdg1819Z1619Z_h,0.0036582355,0.003480133,0.0040650334,0.0062690042,0.0057934023,0.007226065,0.0090747935
dgdg1819Z1619Z_c,0.0036582355,0.003480133,0.0040650334,0.0062690042,0.0057934023,0.007226065,0.0090747935
dgdg1819Z162n4_h,0.0015849614,0.0015971196,0.0019254844,0.0021445651,0.0039895028,0.0037201486,0.0046719177
dgdg205n3160_h,0.0046968792,0.0044117585,0.0051152976,0.0084099259,0.0065033229,0.0089051342,0.0111834387
dgdg205n31619Z_h,0.0043385285,0.0041706288,0.0049005623,0.0071573601,0.0075884589,0.0088556548,0.0111213004
dgdg205n3162n4_h,0.0022651589,0.0022876153,0.0027610133,0.003032921,0.0057845595,0.0053497385,0.0067184245
dgdg205n3_c,0.0013827561,0.0014010856,0.0016939824,0.0018216669,0.0036080285,0.0032963071,0.0041396398
dgdg205n31619Z_c,0.0043385285,0.0041706288,0.0049005623,0.0071573601,0.0075884589,0.0088556548,0.0111213004
sqdg140160_h,0.0056047011,0.0052008017,0.0059869815,0.0104427347,0.006706157,0.0102064373,0.0128176693
sqdg1401619Z_h,0.0018960099,0.0018015095,0.0021027233,0.0032630941,0.0029662078,0.003730587,0.0046850266
sqdg160_h,0.0051893009,0.0048080707,0.0055298307,0.0097155024,0.0060882225,0.0094018327,0.0118072133
sqdg161_h,0.0014806097,0.0014087121,0.0016456334,0.0025358618,0.0023482733,0.0029259824,0.0036745706
sqdg1619Z160_h,0.0066699106,0.0062167828,0.007175525,0.0122513641,0.0084364959,0.0123278151,0.0154817839
sqdg1619Z240_c,0.0014806097,0.0014087121,0.0016456334,0.0025358618,0.0023482733,0.0029259824,0.0036745706
sqdg162n4160_h,0.0052982396,0.0049178921,0.0056622569,0.0098623609,0.0063636952,0.009658,0.0121289189
sqdg205n3160_h,0.0112512576,0.0109496496,0.0129554534,0.0177011803,0.02190481,0.0238519207,0.029954236
sqdg205n31619Z_h,0.0075421841,0.0075508879,0.009071683,0.0105215397,0.0181648608,0.0173760704,0.0218215933
tag1401401619Z_c,0.0006052114,0.0005753026,0.0006717033,0.0010399661,0.0009510783,0.001192522,0.0014976189
tag1401619Z160_c,0.0009002057,0.0008478004,0.0009844779,0.001597699,0.0012831083,0.0017213847,0.0021617866
tag1401619Z1619Z_c,0.0010761989,0.0010236739,0.001195616,0.0018449224,0.0017024672,0.002125031,0.0026687025
tag140204n61619Z_c,0.0005604701,0.0005329922,0.0006224398,0.0009616295,0.0008845152,0.001105851,0.0013887738
tag140205n3140_c,0.0001737189,0.000169958,0.0002016756,0.000267641,0.0003529115,0.0003741385,0.0004698587
tag140205n3160_c,0.0004687228,0.0004424359,0.0005144685,0.000825374,0.0006849415,0.0009030012,0.0011340265
tag140205n31619Z_c,0.0006446969,0.0006183425,0.0007256005,0.0010725974,0.0011043003,0.0013066475,0.0016409424
tag140205n3182n6_c,0.000131854,0.0001303533,0.0001555642,0.0001944482,0.0002903341,0.0002929192,0.0003678601
tag140205n3183n6_c,0.0001290732,0.0001277669,0.0001525828,0.0001893045,0.0002869089,0.000287816,0.0003614514
tag140205n3204n6_c,0.0001289776,0.0001276542,0.0001524304,0.0001893045,0.0002863483,0.0002874675,0.0003610137
tag140205n3205n3_c,0.0002132044,0.0002129979,0.0002556216,0.0003002724,0.0005061335,0.000488264,0.0006131823
tag140205n3226n3_c,0.0001302677,0.000129007,0.0001540887,0.0001907525,0.0002903879,0.0002908161,0.000365219
tag160140160_c,0.0007242316,0.0006718606,0.0007733398,0.0013504756,0.0008637494,0.0013177384,0.0016548708
tag160160160_c,0.0010192451,0.0009443584,0.0010861144,0.0019082085,0.0011957794,0.0018466011,0.0023190386
tag160160182n6_c,0.0006823571,0.0006322625,0.0007271857,0.0012772827,0.0008011721,0.001236519,0.0015528721
tag160160183n6_c,0.0006795763,0.0006296761,0.0007241982,0.001272139,0.0007977469,0.0012314159,0.0015464634
tag1601619Z160_c,0.0011951714,0.0011202319,0.0012972525,0.0021554319,0.0016151383,0.0022502474,0.0028259544
tag1601619Z1619Z_c,0.0013711933,0.0012961717,0.0015084516,0.0024026554,0.0020344972,0.0026538937,0.0033328703
tag1601619Z183n6_c,0.00085556,0.0008055563,0.0009353973,0.0015193624,0.0012171057,0.0016350622,0.0020533792
tag160204n6160_c,0.0006794903,0.0006295634,0.0007240763,0.001272139,0.0007971863,0.0012310674,0.0015460257
tag160205n3160_c,0.0007637171,0.0007149005,0.000827237,0.0013831069,0.0010169715,0.0014318639,0.0017981943
tag160205n3182n6_c,0.0004268483,0.0004028312,0.0004683571,0.0007521811,0.0006223641,0.0008217818,0.0010320279
tag160205n3183n6_c,0.0004240675,0.0004002448,0.0004653696,0.0007470374,0.0006189389,0.0008166787,0.0010256191
tag160205n3204n6_c,0.0004239719,0.0004001321,0.0004652233,0.0007470374,0.0006183783,0.0008163302,0.0010251815
tag160205n3205n3_c,0.0005082082,0.0004854758,0.0005684084,0.0008580053,0.0008381635,0.0010171267,0.00127735
tag160205n3226n3_c,0.0004252715,0.0004014783,0.0004668816,0.0007484855,0.0006224179,0.0008196788,0.0010293868
tag1619Z140160_c,0.0009002057,0.0008478004,0.0009844779,0.001597699,0.0012831083,0.0017213847,0.0021617866
tag1619Z1401619Z_c,0.0010761989,0.0010236739,0.001195616,0.0018449224,0.0017024672,0.002125031,2.67E-003
tag1619Z140182n6_c,0.0005633369,0.0005356979,0.0006255492,0.0009667732,0.0008885009,0.0011113027,0.0013956202
tag1619Z140183n6_c,0.0005605561,0.0005331115,0.0006225617,0.0009616295,0.0008850757,0.0011061995,0.0013892115
tag1619Z160160_h,1.20E-003,0.0011202319,0.0012972525,0.0021554319,0.0016151383,0.0022502474,0.0028259544
tag1619Z160160_c,0.0011951714,0.0011202319,0.0012972525,0.0021554319,0.0016151383,0.0022502474,0.0028259544
tag1619Z1601819Z_h,8.59E-004,0.0008088721,0.0009390555,0.0015268899,0.001219545,0.0016409305,0.0020607489
tag1619Z160182n6_c,0.0008583408,0.0008081426,0.0009383848,0.0015245061,0.0012205309,0.0016401653,0.002059788
tag1619Z160205n3_c,0.0009397008,0.0008908403,0.0010384361,0.0016303303,0.0014363303,0.0018355102,0.0023051102
tag1619Z1619Z1619Z_c,0.0015471196,0.0014720451,0.0017195897,0.0026498788,0.0024538561,0.00305754,0.0038397861
tag1619Z1619Z160_h,0.0013711933,0.0012961717,0.0015084516,0.0024026554,0.0020344972,0.0026538937,0.0033328703
tag1619Z1619Z1619Z_h,0.0015471196,0.0014720451,0.0017195897,0.0026498788,0.0024538561,0.00305754,0.0038397861
tag1619Z1619Z1819Z_h,0.0010352036,0.0009847456,0.0011501936,0.0017741134,0.0016389039,0.0020445768,0.0025676647
tag1619Z1619Z182n6_c,0.0010343436,0.0009840824,0.0011495229,0.0017717296,0.0016398898,0.0020438116,0.0025667038
tag1619Z1619Z183n6_c,1.03E-003,9.81E-004,1.15E-003,1.77E-003,1.64E-003,2.04E-003,0.0025602951
tag1619Z204n6160_c,0.0008554644,0.0008054899,0.0009352144,0.0015193624,0.0012165452,0.0016347137,0.0020529416
tag1619Z204n61619Z_c,0.0010314768,0.0009813634,0.0011464134,0.0017665859,0.001635904,0.00203836,0.0025598574
tag1619Z204n6204n6_c,0.0005157193,0.0004906883,0.0005732006,0.0008832929,0.000817952,0.00101918,0.0012799287
tag1619Z205n3160_c,0.0009397008,0.0008908403,0.0010384361,0.0016303303,0.0014363303,0.0018355102,0.0023051102
tag1619Z205n31619Z_c,0.0011156653,0.0010667138,0.0012495742,0.0018775538,0.0018556892,0.0022391565,0.002812026
tag1619Z205n31819Z_c,0.000603692,0.0005794143,0.000680239,0.0010017884,0.001040737,0.0012261933,0.0015399046
tag1619Z205n3182n6_c,0.0006028319,0.0005787378,0.0006795074,0.0009994045,0.001041723,0.0012254281,0.0015389437
tag1619Z205n3183n6_c,0.0006000511,0.0005761514,0.0006765199,0.0009942608,0.0010382978,0.001220325,0.001532535
tag1619Z205n3204n6_c,0.0005999556,0.0005760321,0.000676398,0.0009942608,0.0010377372,0.0012199765,0.0015320973
tag1619Z205n3205n3_c,0.0006841823,0.0006613824,0.0007795587,0.0011052288,0.0012575224,0.001420773,0.0017842659
tag1619Z205n3226n3_c,0.0006012456,0.000577385,0.0006780441,0.0009957089,0.0010417767,0.0012233251,0.0015363026
tag1619Z1619Z1819Z_c,0.0010352036,0.0009847456,0.0011501936,0.0017741134,0.0016389039,0.0020445768,0.0025676647
tag1619Z1619Z160_c,0.0013711933,0.0012961717,0.0015084516,0.0024026554,0.0020344972,0.0026538937,0.0033328703
tag1619Z1601819Z_c,0.0008592008,0.0008088721,0.0009390555,0.0015268899,0.001219545,0.0016409305,0.0020607489
tag1819Z160160_c,0.0006832172,0.0006329456,0.0007279174,0.0012796665,0.0008001861,0.0012372842,0.001553833
tag1819Z160160_h,0.0006832172,0.0006329456,0.0007279174,0.0012796665,0.0008001861,0.0012372842,0.001553833
tag1819Z1601619Z_c,0.0008592008,0.0008088721,0.0009390555,0.0015268899,0.001219545,0.0016409305,0.0020607489
tag1819Z1601619Z_h,0.0008592008,0.0008088721,0.0009390555,0.0015268899,0.001219545,0.0016409305,0.0020607489
tag1819Z1619Z1619Z_c,0.0010352036,0.0009847456,0.0011501936,0.0017741134,0.0016389039,0.0020445768,0.0025676647
tag1819Z1619Z1619Z_h,1.04E-003,9.85E-004,0.0011501936,0.0017741134,0.0016389039,0.0020445768,2.57E-003
tag1819Z1619Z1819Z_c,5.23E-004,4.97E-004,0.0005808523,0.000898348,0.0008239517,0.0010316136,0.0012955434
tag1819Z1619Z1819Z_h,5.23E-004,4.97E-004,0.0005808523,0.000898348,0.0008239517,0.0010316136,0.0012955434
tag1819Z205n3205n3_c,0.0001721995,0.0001740697,0.0002102053,0.0002294633,0.0004425702,0.0004078098,0.0005121445
tag1819Z205n3226n3_c,8.93E-005,9.01E-005,0.0001086724,0.0001199435,0.0002268245,0.0002103619,0.0002641812
tag182n61601619Z_c,0.0008583408,0.0008081426,0.0009383848,0.0015245061,0.0012205309,0.0016401653,0.002059788
tag182n6205n3182n6_c,9.00E-005,9.07E-005,0.0001094467,0.0001212553,0.0002277567,0.0002116998,0.0002658615
tag182n6205n3183n6_c,8.72E-005,8.82E-005,0.0001064653,0.0001161116,0.0002243315,0.0002065967,0.0002594527
tag182n6205n3204n6_c,8.71E-005,8.80E-005,0.000106319,0.0001161116,0.000223771,0.0002062482,0.000259015
tag205n3205n3160_c,0.0005082082,0.0004854758,0.0005684084,0.0008580053,0.0008381635,0.0010171267,0.00127735
tag205n3205n3182n6_c,0.0001713394,0.0001733932,0.0002095041,0.0002270795,0.0004435561,0.0004070446,0.0005111836
tag205n3205n3183n6_c,0.0001685586,0.0001708068,0.0002065227,0.0002219358,0.0004401309,0.0004019415,0.0005047749
tag205n3205n3204n6_c,1.68E-004,1.71E-004,0.0002063764,0.0002219358,0.0004395704,0.000401593,0.0005043372
tag205n3205n3205n3_c,0.0002526898,0.0002560378,0.0003095615,0.0003329037,0.0006593555,0.0006023895,0.0007565058
tag205n3205n3226n3_c,0.0001697531,0.000172047,0.0002080347,0.0002233839,0.0004436099,0.0004049416,0.0005085425
tag226n3205n3204n6_c,8.55E-005,8.67E-005,0.0001048496,0.000112416,0.0002238247,0.0002041451,0.0002563739
tag226n3205n3226n3_c,8.68E-005,8.80E-005,0.000106508,0.000113864,0.0002278643,0.0002074937,0.0002605792
pg160_h,0.002728817,0.0025282808,0.0029078283,0.005108841,0.0032014568,0.0049438996,0.0062087552
pg1601613E_h,5.45E-003,5.12E-003,0.005933694,0.009771666,0.0075193529,0.0103240603,0.0129653851
pg1619Z160_h,0.0054512314,0.0051185683,0.005933694,0.009771666,0.0075193529,0.0103240603,0.0129653851
pg1619Z1613E_h,0.0054449245,0.0051805749,0.0060517314,0.00932565,0.0086357922,0.0107603214,0.01351326
pg1819Z160_h,0.0027795594,0.0025741724,0.0029598355,0.0052111141,0.0032422141,0.0050283648,0.0063148301
pg1819Z1613E_h,0.0027731569,0.002636179,0.0030778728,0.0047650981,0.0043586535,0.0054646259,0.0068627049
pg205n3160_h,0.0064276655,0.0062761368,0.0074389142,0.0099817877,0.0128529088,0.013761499,0.0172822639
pg205n31613E_h,6.42E-003,6.34E-003,0.0075571954,0.0095357717,0.0139693482,0.01419776,0.0178301388
pe140_c,2.47E-005,2.33E-005,2.72E-005,4.32E-005,3.67E-005,4.78E-005,6.00E-005
pe140160_c,0.0004192799,0.0003889443,0.0004476518,0.000781976,0.0004996621,0.0007627208,0.0009578566
pe1401619Z_c,0.0008324535,0.0007918949,0.0009249715,0.0014267073,0.0013178706,0.0016441441,0.0020647847
pe140180_c,2.71E-005,2.54E-005,2.95E-005,4.86E-005,3.72E-005,5.12E-005,6.43E-005
pe1401819Z_c,3.11E-005,2.91E-005,3.37E-005,5.61E-005,4.19E-005,5.85E-005,7.34E-005
pe140182n6_c,3.83E-005,3.61E-005,4.19E-005,6.75E-005,5.55E-005,7.36E-005,9.24E-005
pe140183n6_c,2.52E-005,2.40E-005,2.80E-005,4.32E-005,3.98E-005,4.97E-005,6.25E-005
pe140183n3_c,3.10E-005,2.99E-005,3.52E-005,5.06E-005,5.57E-005,6.39E-005,8.02E-005
pe140204n6_c,2.47E-005,2.33E-005,2.72E-005,4.32E-005,3.67E-005,4.78E-005,6.00E-005
pe140205n3_c,0.0004990727,0.0005040115,0.0006083192,0.0006681794,0.0012745507,0.0011786949,0.0014802542
pe140226n3_c,3.34E-005,3.25E-005,3.84E-005,5.30E-005,6.41E-005,7.05E-005,8.85E-005
pe160_c,0.0003945967,0.0003656073,0.0004204898,0.0007387735,0.0004629527,0.0007149219,0.0008978287
pe160140_c,0.0004192799,0.0003889443,0.0004476518,0.000781976,0.0004996621,0.0007627208,0.0009578566
pe1601619Z_c,0.0012023384,0.0011341585,0.001318287,0.0021222783,0.0017441137,0.002311267,0.0029025854
pe160180_c,0.0003969953,0.0003676963,0.0004227944,0.0007441479,0.0004634787,0.0007183559,0.0009021413
pe1601819Z_c,0.0004010088,0.00037141,0.0004270623,0.0007516959,0.0004681024,0.0007255942,0.0009112314
pe160182n6_c,0.0004081758,0.0003783601,0.000435281,0.0007630699,0.0004817797,0.0007406731,0.0009301681
pe160183n6_c,0.0003951223,0.0003662439,0.0004213251,0.0007387735,0.0004660892,0.0007168719,0.0009002777
pe160183n3_c,0.0004009324,0.0003721727,0.0004285195,0.0007461845,0.0004819036,0.0007309884,0.0009180057
pe160204n6_c,0.0003945967,0.0003656073,0.0004204898,0.0007387735,0.0004629527,0.0007149219,0.0008978287
pe160205n3_c,0.0008689958,0.0008462751,0.0010016713,0.0013637504,0.0017007939,0.0018458178,0.0023180549
pe160226n3_c,0.0004033596,0.0003747591,0.0004317265,0.0007485814,0.0004903128,0.0007376022,0.0009263116
pe161_c,0.0008077799,0.0007685512,0.000897779,0.0013835048,0.0012811611,0.0015963451,0.0020047568
pe1619Z140_c,0.0008324535,0.0007918949,0.0009249715,0.0014267073,0.0013178706,0.0016441441,0.0020647847
pe1619Z160_c,0.0012023384,0.0011341585,0.001318287,0.0021222783,0.0017441137,0.002311267,0.0029025854
pe1619Z180_c,0.0008101785,0.0007706734,0.0009000958,0.0013888792,0.0012816871,0.0015997792,0.0020090694
pe1619Z1819Z_c,0.000814192,0.0007743871,0.0009043637,0.0013964271,0.0012863108,0.0016070174,0.0020181595
pe1619Z182n6_c,0.0008213494,0.0007813504,0.0009125946,0.0014078012,0.0012999881,0.0016220963,0.0020370962
pe1619Z183n6_c,0.0008082959,0.0007692144,0.0008986325,0.0013835048,0.0012842976,0.0015982952,0.0020072057
pe1619Z183n3_c,0.0008141155,0.0007751166,0.000905827,0.0013909158,0.001300112,0.0016124117,0.0020249338
pe1619Z204n6_c,0.0008077799,0.0007685512,0.000897779,0.0013835048,0.0012811611,0.0015963451,0.0020047568
pe1619Z205n3_c,0.0012821312,0.001249219,0.0014789422,0.0020084817,0.0025190023,0.0027272411,0.003424983
pe1619Z226n3_c,0.0008165428,0.000777703,0.0009090584,0.0013933127,0.0013085212,0.0016190255,0.0020332397
pe180_c,2.40E-006,2.08E-006,2.30E-006,5.37E-006,5.26E-007,3.43E-006,4.31E-006
pe180140_c,2.71E-005,2.54E-005,2.95E-005,4.86E-005,3.72E-005,5.12E-005,6.43E-005
pe180160_c,0.0003969953,0.0003676963,0.0004227944,0.0007441479,0.0004634787,0.0007183559,0.0009021413
pe1801619Z_c,0.0008101785,0.0007706734,0.0009000958,0.0013888792,0.0012816871,0.0015997792,0.0020090694
pe1801819Z_c,8.81E-006,7.88E-006,8.87E-006,1.83E-005,5.68E-006,1.41E-005,1.77E-005
pe180182n6_c,1.60E-005,1.48E-005,1.71E-005,2.97E-005,1.94E-005,2.92E-005,3.67E-005
pe180183n6_c,2.92E-006,2.72E-006,3.14E-006,5.37E-006,3.66E-006,5.38E-006,6.76E-006
pe180183n3_c,8.73E-006,8.65E-006,1.03E-005,1.28E-005,1.95E-005,1.95E-005,2.45E-005
pe180204n6_c,2.40E-006,2.08E-006,2.30E-006,5.37E-006,5.26E-007,3.43E-006,4.31E-006
pe180205n3_c,0.000476788,0.0004827634,0.0005834618,0.0006303513,0.0012383673,0.00113433,0.0014245389
pe180226n3_c,1.12E-005,1.12E-005,1.35E-005,1.52E-005,2.79E-005,2.61E-005,3.28E-005
pe1819Z140_c,3.11E-005,2.91E-005,3.37E-005,5.61E-005,4.19E-005,5.85E-005,7.34E-005
pe1819Z160_c,0.0004010088,0.00037141,0.0004270623,0.0007516959,0.0004681024,0.0007255942,0.0009112314
pe1819Z1619Z_c,0.000814192,0.0007743871,0.0009043637,0.0013964271,0.0012863108,0.0016070174,0.0020181595
pe1819Z180_c,8.81E-006,7.88E-006,8.87E-006,1.83E-005,5.68E-006,1.41E-005,1.77E-005
pe181_9_c,1.28E-005,1.16E-005,1.31E-005,2.58E-005,1.03E-005,2.13E-005,2.68E-005
pe1819Z182n6_c,2.00E-005,1.86E-005,2.14E-005,3.72E-005,2.40E-005,3.64E-005,4.57E-005
pe1819Z183n6_c,6.93E-006,6.43E-006,7.41E-006,1.29E-005,8.29E-006,1.26E-005,1.59E-005
pe1819Z183n3_c,1.27E-005,1.24E-005,1.46E-005,2.03E-005,2.41E-005,2.67E-005,3.36E-005
pe1819Z204n6_c,6.41E-006,5.80E-006,6.57E-006,1.29E-005,5.15E-006,1.07E-005,1.34E-005
pe1819Z205n3_c,0.0004808111,0.0004864772,0.0005877297,0.0006378992,0.001242991,0.0011415682,0.001433629
pe1819Z226n3_c,1.52E-005,1.49E-005,1.78E-005,2.27E-005,3.25E-005,3.34E-005,4.19E-005
pe182n6140_c,3.83E-005,3.61E-005,4.19E-005,6.75E-005,5.55E-005,7.36E-005,9.24E-005
pe182n6160_c,0.0004081758,0.0003783601,0.000435281,0.0007630699,0.0004817797,0.0007406731,0.0009301681
pe182n61619Z_c,0.0008213494,0.0007813504,0.0009125946,0.0014078012,0.0012999881,0.0016220963,0.0020370962
pe182n6180_c,1.60E-005,1.48E-005,1.71E-005,2.97E-005,1.94E-005,2.92E-005,3.67E-005
pe182n61819Z_c,2.00E-005,1.86E-005,2.14E-005,3.72E-005,2.40E-005,3.64E-005,4.57E-005
pe182_9_12_c,2.72E-005,2.55E-005,2.96E-005,4.86E-005,3.77E-005,5.15E-005,6.47E-005
pe182n6183n6_c,1.41E-005,1.34E-005,1.56E-005,2.43E-005,2.20E-005,2.77E-005,3.48E-005
pe182n6183n3_c,1.99E-005,1.93E-005,2.28E-005,3.17E-005,3.78E-005,4.18E-005,5.25E-005
pe182n6204n6_c,1.36E-005,1.28E-005,1.48E-005,2.43E-005,1.88E-005,2.58E-005,3.23E-005
pe182n6205n3_c,0.0004879686,0.0004934339,0.0005959484,0.0006492733,0.0012566682,0.0011566471,0.0014525657
pe182n6226n3_c,2.23E-005,2.19E-005,2.60E-005,3.41E-005,4.62E-005,4.84E-005,6.08E-005
pe205n3140_c,0.0004990727,0.0005040115,0.0006083192,0.0006681794,0.0012745507,0.0011786949,0.0014802542
pe205n3160_c,0.0008689958,0.0008462751,0.0010016713,0.0013637504,0.0017007939,0.0018458178,0.0023180549
pe205n31619Z_c,0.0012821312,0.001249219,0.0014789422,0.0020084817,0.0025190023,0.0027272411,0.003424983
pe205n3180_c,0.000476788,0.0004827634,0.0005834618,0.0006303513,0.0012383673,0.00113433,0.0014245389
pe205n31819Z_c,0.0004808111,0.0004864772,0.0005877297,0.0006378992,0.001242991,0.0011415682,0.001433629
pe205n3182n6_c,0.0004879686,0.0004934339,0.0005959484,0.0006492733,0.0012566682,0.0011566471,0.0014525657
pe205n3183n6_c,0.0004749151,0.0004813111,0.0005819985,0.0006249769,0.0012409778,0.001132846,0.0014226752
pe205n3183n3_c,0.0004807251,0.0004872398,0.000589193,0.0006323879,0.0012567921,0.0011469625,0.0014404033
pe205n3204n6_c,0.0004743895,0.0004806811,0.0005811633,0.0006249769,0.0012378412,0.0011308959,0.0014202262
pe205n3_c,0.0009487885,0.0009613356,0.0011623265,0.0012499537,0.0024756824,0.0022617919,0.0028404525
pe205n3226n3_c,0.0004831524,0.0004898262,0.0005923939,0.0006347847,0.0012652013,0.0011535763,0.0014487092
pe226n3140_c,3.34E-005,3.25E-005,3.84E-005,5.30E-005,6.41E-005,7.05E-005,8.85E-005
pe226n3160_c,0.0004033596,0.0003747591,0.0004317265,0.0007485814,0.0004903128,0.0007376022,0.0009263116
pe226n31619Z_c,0.0008165428,0.000777703,0.0009090584,0.0013933127,0.0013085212,0.0016190255,0.0020332397
pe226n3180_c,1.12E-005,1.12E-005,1.35E-005,1.52E-005,2.79E-005,2.61E-005,3.28E-005
pe226n31819Z_c,1.52E-005,1.49E-005,1.78E-005,2.27E-005,3.25E-005,3.34E-005,4.19E-005
pe226n3182n6_c,2.23E-005,2.19E-005,2.60E-005,3.41E-005,4.62E-005,4.84E-005,6.08E-005
pe226n3183n6_c,9.28E-006,9.79E-006,1.21E-005,9.81E-006,3.05E-005,2.46E-005,3.09E-005
pe226n3183n3_c,1.51E-005,1.57E-005,1.93E-005,1.72E-005,4.63E-005,3.87E-005,4.87E-005
pe226n3204n6_c,8.76E-006,9.15E-006,1.12E-005,9.81E-006,2.74E-005,2.27E-005,2.85E-005
pe226n3205n3_c,0.0004831524,0.0004898262,0.0005923939,0.0006347847,0.0012652013,0.0011535763,0.0014487092
pe226n3_c,1.75E-005,1.83E-005,2.25E-005,1.96E-005,5.47E-005,4.54E-005,5.70E-005
pc140_c,4.71E-005,4.45E-005,5.18E-005,8.24E-005,7.00E-005,9.12E-005,0.0001144712
pc140160_c,0.0009567487,0.0008869276,0.001020389,0.0017884289,0.0011299079,0.0017364012,0.002180645
pc1401619Z_c,0.0011833219,0.0011256699,0.0013148727,0.002027531,0.0018744022,0.0023374948,0.0029355233
pc140180_c,2.63E-005,2.47E-005,2.86E-005,4.75E-005,3.56E-005,4.96E-005,6.23E-005
pc1401819Z_c,2.90E-005,2.72E-005,3.15E-005,5.22E-005,3.94E-005,5.47E-005,6.87E-005
pc140182n6_c,3.48E-005,3.28E-005,3.82E-005,6.14E-005,5.06E-005,6.70E-005,8.41E-005
pc140183n6_c,2.37E-005,2.24E-005,2.61E-005,4.12E-005,3.59E-005,4.61E-005,5.79E-005
pc140183n3_c,2.99E-005,2.89E-005,3.40E-005,4.87E-005,5.41E-005,6.17E-005,7.75E-005
pc140204n6_c,2.35E-005,2.22E-005,2.59E-005,4.12E-005,3.50E-005,4.56E-005,5.72E-005
pc140205n3_c,0.0001425949,0.0001428939,0.0001717578,0.000198056,0.0003456881,0.0003294195,0.0004136987
pc140226n3_c,2.73E-005,2.62E-005,3.07E-005,4.54E-005,4.67E-005,5.53E-005,6.95E-005
pc160140_c,0.0009567487,0.0008869276,0.001020389,0.0017884289,0.0011299079,0.0017364012,0.002180645
pc160_c,0.0018664818,0.0017293563,0.0019889538,0.0034944721,0.002189812,0.0033816514,0.0042468188
pc1601619Z_c,0.0020929594,0.0019681649,0.0022834985,0.0037335742,0.0029343063,0.003982745,0.0050016971
pc160180_c,0.0009360408,0.0008670987,0.0009971596,0.0017534992,0.0010955191,0.0016948277,0.0021284352
pc1601819Z_c,0.000938726,0.0008696188,0.0010000861,0.00175827,0.0010993032,0.0016999384,0.0021348535
pc160182n6_c,0.0009445265,0.0008752557,0.0010067928,0.00176741,0.0011105386,0.0017122076,0.0021502616
pc160183n6_c,0.0009333938,0.0008648439,0.0009947208,0.0017472361,0.0010957796,0.0016913688,0.0021240915
pc160183n3_c,0.0009396243,0.0008712767,0.0010025859,0.0017546949,0.0011139793,0.0017069959,0.0021437166
pc160204n6_c,0.0009332504,0.0008647113,0.0009944769,0.0017472361,0.001094906,0.0016908257,0.0021234094
pc160205n3_c,0.0010523089,0.0009853425,0.0011403774,0.0019040992,0.0014055922,0.0019746697,0.0024798725
pc160226n3_c,0.000937006,0.000868624,0.0009992935,0.0017514435,0.001106643,0.0017005551,0.002135628
pc1619Z140_c,0.0011833219,0.0011256699,0.0013148727,0.002027531,0.0018744022,0.0023374948,0.0029355233
pc1619Z160_c,0.0020929594,0.0019681649,0.0022834985,0.0037335742,0.0029343063,0.003982745,0.0050016971
pc161_c,0.0023195327,0.0022069072,0.0025779822,0.0039726763,0.0036788006,0.0045838385,0.0057565754
pc1619Z180_c,0.0011625854,0.0011059073,0.0012917043,0.0019926013,0.0018400134,0.0022959212,0.0028833135
pc1619Z1819Z_c,0.001165261,0.0011084274,0.0012946308,0.0019973721,0.0018437975,0.0023010319,0.0028897318
pc1619Z182n6_c,0.0011709947,0.0011140643,0.0013012765,0.0020065121,0.0018550329,0.0023133011,0.00290514
pc1619Z183n6_c,0.0011599097,0.0011036525,0.0012892045,0.0019863382,0.0018402739,0.0022924624,0.0028789698
pc1619Z183n3_c,0.0011661211,0.0011100853,0.0012970696,0.001993797,0.0018584736,0.0023080895,0.002898595
pc1619Z204n6_c,0.0011597186,0.0011034536,0.0012890216,0.0019863382,0.0018394003,0.0022919193,0.0028782877
pc1619Z205n3_c,0.0012787866,0.0012240847,0.0014348611,0.0021432013,0.0021500865,0.0025757632,0.0032347508
pc1619Z226n3_c,0.001163541,0.0011073663,0.0012938382,0.0019905455,0.0018511373,0.0023016487,0.0028905063
pc180140_c,2.63E-005,2.47E-005,2.86E-005,4.75E-005,3.56E-005,4.96E-005,6.23E-005
pc180160_c,0.0009360408,0.0008670987,0.0009971596,0.0017534992,0.0010955191,0.0016948277,0.0021284352
pc1801619Z_c,0.0011625854,0.0011059073,0.0012917043,0.0019926013,0.0018400134,0.0022959212,0.0028833135
pc180_c,5.59E-006,4.86E-006,5.37E-006,1.25E-005,1.23E-006,8.00E-006,1.01E-005
pc1801819Z_c,8.27E-006,7.38E-006,8.29E-006,1.73E-005,5.01E-006,1.31E-005,1.65E-005
pc180182n6_c,1.41E-005,1.30E-005,1.50E-005,2.64E-005,1.62E-005,2.54E-005,3.19E-005
pc180183n6_c,2.94E-006,2.61E-006,2.92E-006,6.26E-006,1.49E-006,4.55E-006,5.71E-006
pc180183n3_c,9.17E-006,9.04E-006,1.08E-005,1.37E-005,1.97E-005,2.02E-005,2.53E-005
pc180204n6_c,2.80E-006,2.43E-006,2.68E-006,6.26E-006,6.13E-007,4.00E-006,5.03E-006
pc180205n3_c,0.0001218679,0.0001230716,0.0001485466,0.0001631263,0.0003112993,0.0002878459,0.0003614889
pc180226n3_c,6.55E-006,6.35E-006,7.50E-006,1.05E-005,1.23E-005,1.37E-005,1.72E-005
pc1819Z140_c,2.90E-005,2.72E-005,3.15E-005,5.22E-005,3.94E-005,5.47E-005,6.87E-005
pc1819Z160_c,0.000938726,0.0008696188,0.0010000861,0.00175827,0.0010993032,0.0016999384,0.0021348535
pc1819Z1619Z_c,0.001165261,0.0011084274,0.0012946308,0.0019973721,0.0018437975,0.0023010319,0.0028897318
pc1819Z180_c,8.27E-006,7.38E-006,8.29E-006,1.73E-005,5.01E-006,1.31E-005,1.65E-005
pc181_9_c,1.10E-005,9.90E-006,1.12E-005,2.21E-005,8.79E-006,1.82E-005,2.29E-005
pc1819Z182n6_c,1.67E-005,1.55E-005,1.79E-005,3.12E-005,2.00E-005,3.05E-005,3.83E-005
pc1819Z183n6_c,5.62E-006,5.13E-006,5.84E-006,1.10E-005,5.27E-006,9.66E-006,1.21E-005
pc1819Z183n3_c,1.19E-005,1.16E-005,1.37E-005,1.85E-005,2.35E-005,2.53E-005,3.18E-005
pc1819Z204n6_c,5.48E-006,4.95E-006,5.61E-006,1.10E-005,4.40E-006,9.11E-006,1.14E-005
pc1819Z205n3_c,0.0001245436,0.0001255983,0.0001514731,0.0001678971,0.0003150834,0.0002929567,0.0003679072
pc1819Z226n3_c,9.23E-006,8.88E-006,1.04E-005,1.52E-005,1.61E-005,1.88E-005,2.37E-005
pc182n6140_c,3.48E-005,3.28E-005,3.82E-005,6.14E-005,5.06E-005,6.70E-005,8.41E-005
pc182n6160_c,0.0009445265,0.0008752557,0.0010067928,0.00176741,0.0011105386,0.0017122076,0.0021502616
pc182n61619Z_c,0.0011709947,0.0011140643,0.0013012765,0.0020065121,0.0018550329,0.0023133011,0.00290514
pc182n6180_c,1.41E-005,1.30E-005,1.50E-005,2.64E-005,1.62E-005,2.54E-005,3.19E-005
pc182n61819Z_c,1.67E-005,1.55E-005,1.79E-005,3.12E-005,2.00E-005,3.05E-005,3.83E-005
pc182_9_12_c,2.25E-005,2.12E-005,2.46E-005,4.03E-005,3.13E-005,4.28E-005,5.37E-005
pc182n6183n6_c,1.14E-005,1.08E-005,1.25E-005,2.02E-005,1.65E-005,2.19E-005,2.75E-005
pc182n6183n3_c,1.76E-005,1.72E-005,2.04E-005,2.76E-005,3.47E-005,3.76E-005,4.72E-005
pc182n6204n6_c,1.13E-005,1.06E-005,1.23E-005,2.02E-005,1.56E-005,2.14E-005,2.69E-005
pc182n6205n3_c,0.0001303441,0.0001312353,0.0001581432,0.0001770371,0.0003263188,0.0003052259,0.0003833153
pc182n6226n3_c,1.50E-005,1.45E-005,1.71E-005,2.44E-005,2.74E-005,3.11E-005,3.91E-005
pc205n3140_c,0.0001425949,0.0001428939,0.0001717578,0.000198056,0.0003456881,0.0003294195,0.0004136987
pc205n3160_c,0.0010523089,0.0009853425,0.0011403774,0.0019040992,0.0014055922,0.0019746697,0.0024798725
pc205n31619Z_c,0.0012787866,0.0012240847,0.0014348611,0.0021432013,0.0021500865,0.0025757632,0.0032347508
pc205n3162n4_c,0.0005011368,0.0005059281,0.0006105507,0.0006720348,0.0012770291,0.0011824646,0.0014849884
pc205n3180_c,0.0001218679,0.0001230716,0.0001485466,0.0001631263,0.0003112993,0.0002878459,0.0003614889
pc205n31819Z_c,0.0001245436,0.0001255983,0.0001514731,0.0001678971,0.0003150834,0.0002929567,0.0003679072
pc205n3182n6_c,0.0001303441,0.0001312353,0.0001581432,0.0001770371,0.0003263188,0.0003052259,0.0003833153
pc205n3183n6_c,0.0001192113,0.0001208235,0.0001460956,0.0001568632,0.0003115598,0.0002843871,0.0003571452
pc205n3183n3_c,0.0001254419,0.0001272563,0.0001539485,0.000164322,0.0003297595,0.0003000142,0.0003767704
pc205n3204n6_c,0.000119068,0.0001206444,0.0001458639,0.0001568632,0.0003106862,0.000283844,0.0003564631
pc205n3_c,0.000238136,0.0002412889,0.000291734,0.0003137263,0.0006213724,0.000567688,0.0007129262
pc205n3226n3_c,0.0001228235,0.0001245704,0.0001506866,0.0001610706,0.0003224232,0.0002935734,0.0003686817
pc226n3140_c,2.73E-005,2.62E-005,3.07E-005,4.54E-005,4.67E-005,5.53E-005,6.95E-005
pc226n3160_c,0.000937006,0.000868624,0.0009992935,0.0017514435,0.001106643,0.0017005551,0.002135628
pc226n31619Z_c,0.001163541,0.0011073663,0.0012938382,0.0019905455,0.0018511373,0.0023016487,0.0028905063
pc226n3180_c,6.55E-006,6.35E-006,7.50E-006,1.05E-005,1.23E-005,1.37E-005,1.72E-005
pc226n31819Z_c,9.23E-006,8.88E-006,1.04E-005,1.52E-005,1.61E-005,1.88E-005,2.37E-005
pc226n3182n6_c,1.50E-005,1.45E-005,1.71E-005,2.44E-005,2.74E-005,3.11E-005,3.91E-005
pc226n3183n6_c,3.90E-006,4.10E-006,5.05E-006,4.21E-006,1.26E-005,1.03E-005,1.29E-005
pc226n3183n3_c,1.01E-005,1.05E-005,1.29E-005,1.17E-005,3.08E-005,2.59E-005,3.25E-005
pc226n3204n6_c,3.76E-006,3.93E-006,4.82E-006,4.21E-006,1.17E-005,9.73E-006,1.22E-005
pc226n3205n3_c,0.0001228235,0.0001245704,0.0001506866,0.0001610706,0.0003224232,0.0002935734,0.0003686817
pc226n3_c,7.52E-006,7.85E-006,9.64E-006,8.41E-006,2.35E-005,1.95E-005,2.44E-005
cholphyc1_h,0.0010330057,0.00071689,0.0006590826,0.0004958434,0.000461069,0.0002866546,0.0001799964
cholphyc2_h,0.0010989423,0.0012202383,0.0009816123,0.0008650885,0.0009613779,0.0009392512,0.0007429638
caro_h,0.0003296827,0.0003813245,0.0003505758,0.0003608052,0.000488537,0.0006367391,0.0005491805
fxanth_h,0.004835346,0.0048809534,0.0039264493,0.0035447528,0.0040024714,0.0040253624,0.0032169568
dgtp_c,0.003783706,0.0026258335,0.0024140956,0.0018161813,0.0016888092,0.0010499619,0.000659293
dttp_c,0.0039748264,0.0027584681,0.002536035,0.0019079192,0.0017741134,0.001102997,0.0006925948
dctp_c,0.003783706,0.0026258335,0.0024140956,0.0018161813,0.0016888092,0.0010499619,0.000659293
datp_c,0.0039748264,0.0027584681,0.002536035,0.0019079192,0.0017741134,0.001102997,0.0006925948
atp_c,0.0282752111,0.0196225599,0.0180402662,0.0135721192,0.012620282,0.007846248,0.0049268226
gtp_c,0.0269139561,0.01867787,0.0171717527,0.0129187159,0.0120127031,0.0074685056,0.0046896303
utp_c,0.0282752111,0.0196225599,0.0180402662,0.0135721192,0.012620282,0.007846248,0.0049268226
ctp_c,0.0269139561,0.01867787,0.0171717527,0.0129187159,0.0120127031,0.0074685056,0.0046896303
